{
    "v1": {
        "v3": 47.699999999999996,
        "v1": 48.8,
        "v4": 62.7,
        "random": 98.1,
        "max_power": 82.8,
        "simple_heuristic": 34.0,
        "v6": 49.9,
        "v5": 76.2,
        "v2": 49.6
    },
    "v2": {
        "simple_heuristic": 34.5,
        "v5": 72.39999999999999,
        "max_power": 79.5,
        "random": 98.3,
        "v3": 50.6,
        "v6": 50.6,
        "v2": 49.4,
        "v4": 64.4,
        "v1": 50.0
    },
    "v3": {
        "v5": 73.6,
        "v2": 48.5,
        "v1": 49.6,
        "max_power": 80.0,
        "random": 97.5,
        "v3": 52.400000000000006,
        "v4": 63.5,
        "simple_heuristic": 32.6,
        "v6": 50.3
    },
    "v4": {
        "v4": 51.2,
        "v2": 33.7,
        "v3": 33.2,
        "v1": 37.4,
        "v5": 56.699999999999996,
        "v6": 36.3,
        "random": 95.19999999999999,
        "max_power": 70.7,
        "simple_heuristic": 21.099999999999998
    },
    "v5": {
        "v1": 27.6,
        "v2": 27.500000000000004,
        "v3": 26.1,
        "v4": 39.800000000000004,
        "v5": 52.1,
        "v6": 28.999999999999996,
        "random": 91.9,
        "max_power": 59.5,
        "simple_heuristic": 16.0
    },
    "v6": {
        "v1": 49.7,
        "v2": 51.1,
        "v3": 50.8,
        "v4": 66.4,
        "v5": 74.6,
        "v6": 49.5,
        "random": 98.7,
        "max_power": 79.7,
        "simple_heuristic": 33.2
    }
}